numericId,firstName,lastName,firstNameAr,lastNameAr,profileUrl,note
753,"doghmani","doghmani",,,https://examanet.com/fr/professeurs/753,firstNameAr is Latin: "doghmani"
2378,"\"Fki"," Abid et Hrizi\"",,,https://examanet.com/fr/professeurs/2378,firstNameAr is Latin: "Cherchari"
94,"Makram","Trabelsi",,,https://examanet.com/fr/professeurs/94,firstNameAr is Latin: "Makram"; lastNameAr is Latin: "Trabelsi"
400,"Alaeddine","Chaari",,,https://examanet.com/fr/professeurs/400,firstNameAr is Latin: "Alaeddine"; lastNameAr is Latin: "Chaari"
624,"Trabelsi","Trabelsi",,,https://examanet.com/fr/professeurs/624,firstNameAr is Latin: "TRABELSI"
511,"Toumi","Abdessalem",,,https://examanet.com/fr/professeurs/511,firstNameAr is Latin: "TOUMI"; lastNameAr is Latin: "Abdessalem"
554,"Nedya","Jabri",,,https://examanet.com/fr/professeurs/554,firstNameAr is Latin: "NEDYA"; lastNameAr is Latin: "Jabri"
622,"Ghazala","Hedi",,,https://examanet.com/fr/professeurs/622,firstNameAr is Latin: "GHAZALA"; lastNameAr is Latin: "HEDI"
627,"Akrout","Tarek",,,https://examanet.com/fr/professeurs/627,firstNameAr is Latin: "AKROUT"; lastNameAr is Latin: "TAREK"
660,"Kassaoui","Belgacem",,,https://examanet.com/fr/professeurs/660,firstNameAr is Latin: "KASSAOUI"; lastNameAr is Latin: "BELGACEM"
731,"Ouled","Ahmed Mabrouk",,,https://examanet.com/fr/professeurs/731,firstNameAr is Latin: "OULED"; lastNameAr is Latin: "AHMED MABROUK"
736,"Arous","Noamen",,,https://examanet.com/fr/professeurs/736,firstNameAr is Latin: "AROUS"; lastNameAr is Latin: "NOAMEN"
848,"Sakouhi","Maher",,,https://examanet.com/fr/professeurs/848,firstNameAr is Latin: "SAKOUHI"; lastNameAr is Latin: "MAHER"
882,"Fradi","Fradi",,,https://examanet.com/fr/professeurs/882,firstNameAr is Latin: "FRADI"
637,"Nabil","Nabil",,,https://examanet.com/fr/professeurs/637,firstNameAr is Latin: "Nabil"
507,"Zouari","Sami",,,https://examanet.com/fr/professeurs/507,firstNameAr is Latin: "ZOUARI"; lastNameAr is Latin: "SAMI(1)"
380,"Khalouaoui","HASSEN",,,https://examanet.com/fr/professeurs/380,firstNameAr is Latin: "Khalouaoui"; lastNameAr is Latin: "HASSEN"
465,"Rahahli","Rahahli",,,https://examanet.com/fr/professeurs/465,firstNameAr is Latin: "Rahahli"
378,"Mejri","Mejri",,,https://examanet.com/fr/professeurs/378,firstNameAr is Latin: "Mejri"
750,"anouer","anouer",,,https://examanet.com/fr/professeurs/750,firstNameAr is Latin: "anouer"
868,"Ltifi","Ltifi",,,https://examanet.com/fr/professeurs/868,firstNameAr is Latin: "LTIFI"
567,"Mouelhi","H",,,https://examanet.com/fr/professeurs/567,firstNameAr is Latin: "Mouelhi."; lastNameAr is Latin: "H"
469,"Belgacem","Ahmed",,,https://examanet.com/fr/professeurs/469,firstNameAr is Latin: "B.BELGACEM"; lastNameAr is Latin: "Ahmed"
9,"BaARHOUMI","—",,,https://examanet.com/fr/professeurs/9,firstNameAr is Latin: "BaARHOUMI"
209,"Younsi","Younsi",,,https://examanet.com/fr/professeurs/209,firstNameAr is Latin: "Younsi"
278,"raouf","ouardi",,,https://examanet.com/fr/professeurs/278,firstNameAr is Latin: "raouf"; lastNameAr is Latin: "ouardi"
496,"sadok","majdi",,,https://examanet.com/fr/professeurs/496,firstNameAr is Latin: "sadok"; lastNameAr is Latin: "majdi"
488,"Mis","Mis",,,https://examanet.com/fr/professeurs/488,firstNameAr is Latin: "Mis"
220,"Mouajria","Hattab",,,https://examanet.com/fr/professeurs/220,firstNameAr is Latin: "Mouajria"; lastNameAr is Latin: "Hattab"
45,"Bechir","Fraoua",,,https://examanet.com/fr/professeurs/45,firstNameAr is Latin: "Bechir"; lastNameAr is Latin: "Fraoua"
18,"Dhouib","Ridha",,,https://examanet.com/fr/professeurs/18,firstNameAr is Latin: "Dhouib"; lastNameAr is Latin: "Ridha"
14,"Ayari","Sallem",,,https://examanet.com/fr/professeurs/14,firstNameAr is Latin: "Ayari"; lastNameAr is Latin: "Sallem"
885,"Walid","Walid",,,https://examanet.com/fr/professeurs/885,firstNameAr is Latin: "Walid"
299,"Hamdi","Haloui",,,https://examanet.com/fr/professeurs/299,firstNameAr is Latin: "Hamdi"; lastNameAr is Latin: "Haloui"
79,"Sarah","Baatour",,,https://examanet.com/fr/professeurs/79,firstNameAr is Latin: "Sarah"; lastNameAr is Latin: "Baatour"
381,"Mohsni","Mohsni",,,https://examanet.com/fr/professeurs/381,firstNameAr is Latin: "Mohsni"
379,"Ilyes","Negra",,,https://examanet.com/fr/professeurs/379,firstNameAr is Latin: "Ilyes"; lastNameAr is Latin: "Negra"
297,"Souissi","Issa",,,https://examanet.com/fr/professeurs/297,firstNameAr is Latin: "Souissi"; lastNameAr is Latin: "Issa"
416,"Mohsni","Samir",,,https://examanet.com/fr/professeurs/416,firstNameAr is Latin: "Mohsni"; lastNameAr is Latin: "Samir"
296,"Maher","Maher",,,https://examanet.com/fr/professeurs/296,firstNameAr is Latin: "Maher"
417,"Saadaoui","Nesrya",,,https://examanet.com/fr/professeurs/417,firstNameAr is Latin: "Saadaoui"; lastNameAr is Latin: "Nesrya"
419,"Bahar","Farouk",,,https://examanet.com/fr/professeurs/419,firstNameAr is Latin: "Bahar"; lastNameAr is Latin: "Farouk"
429,"Ksomtini","Maher",,,https://examanet.com/fr/professeurs/429,firstNameAr is Latin: "Ksomtini"; lastNameAr is Latin: "Maher"
106,"Affi","Fathi",,,https://examanet.com/fr/professeurs/106,firstNameAr is Latin: "Affi"; lastNameAr is Latin: "Fathi"
420,"Med","Mechrgui",,,https://examanet.com/fr/professeurs/420,firstNameAr is Latin: "Med"; lastNameAr is Latin: "Mechrgui"
421,"Alia","Fessi",,,https://examanet.com/fr/professeurs/421,firstNameAr is Latin: "Alia"; lastNameAr is Latin: "Fessi"
426,"Ben","Amara Mohamed",,,https://examanet.com/fr/professeurs/426,firstNameAr is Latin: "Ben"; lastNameAr is Latin: "Amara Mohamed"
435,"Salah","Ferjani",,,https://examanet.com/fr/professeurs/435,firstNameAr is Latin: "Salah"; lastNameAr is Latin: "Ferjani"
427,"Moussa","Riadh",,,https://examanet.com/fr/professeurs/427,firstNameAr is Latin: "Moussa"; lastNameAr is Latin: "Riadh"
105,"Belaifa","Mohamed Fadhel",,,https://examanet.com/fr/professeurs/105,firstNameAr is Latin: "Belaifa"; lastNameAr is Latin: "Mohamed Fadhel"
443,"Elhmidi","Fethi",,,https://examanet.com/fr/professeurs/443,firstNameAr is Latin: "Elhmidi"; lastNameAr is Latin: "Fethi"
453,"Akrimi","Mohamed Hédi",,,https://examanet.com/fr/professeurs/453,firstNameAr is Latin: "Akrimi"
448,"Smiti","Moez",,,https://examanet.com/fr/professeurs/448,firstNameAr is Latin: "Smiti"; lastNameAr is Latin: "Moez"
110,"Saber","Souidki",,,https://examanet.com/fr/professeurs/110,firstNameAr is Latin: "Saber"; lastNameAr is Latin: "Souidki"
111,"Hanen","Othmani",,,https://examanet.com/fr/professeurs/111,firstNameAr is Latin: "Hanen"; lastNameAr is Latin: "Othmani"
454,"Rim","Hadded",,,https://examanet.com/fr/professeurs/454,firstNameAr is Latin: "Rim"; lastNameAr is Latin: "Hadded"
455,"Hadi","Akrimi",,,https://examanet.com/fr/professeurs/455,firstNameAr is Latin: "Hadi"; lastNameAr is Latin: "Akrimi"
382,"Mohamed","Khairedine",,,https://examanet.com/fr/professeurs/382,firstNameAr is Latin: "Mohamed"; lastNameAr is Latin: "Khairedine"
128,"khoudi","mohsen",,,https://examanet.com/fr/professeurs/128,firstNameAr is Latin: "khoudi"; lastNameAr is Latin: "mohsen"
467,"Webri","Kamel",,,https://examanet.com/fr/professeurs/467,firstNameAr is Latin: "Webri"; lastNameAr is Latin: "Kamel"
480,"Maouia","Hammouda",,,https://examanet.com/fr/professeurs/480,firstNameAr is Latin: "Maouia"; lastNameAr is Latin: "Hammouda"
463,"Park","Park",,,https://examanet.com/fr/professeurs/463,firstNameAr is Latin: "Park"; lastNameAr is Latin: "Park"
407,"chaabani","hamadi",,,https://examanet.com/fr/professeurs/407,firstNameAr is Latin: "chaabani"; lastNameAr is Latin: "hamadi"
405,"Mohamed","Ben Amara",,,https://examanet.com/fr/professeurs/405,firstNameAr is Latin: "Mohamed"; lastNameAr is Latin: "Ben Amara"
459,"boumnigel","soufien",,,https://examanet.com/fr/professeurs/459,firstNameAr is Latin: "boumnigel"; lastNameAr is Latin: "soufien"
478,"khadraoui","hsan",,,https://examanet.com/fr/professeurs/478,firstNameAr is Latin: "khadraoui"; lastNameAr is Latin: "hsan"
461,"Marouen","ben taleb",,,https://examanet.com/fr/professeurs/461,firstNameAr is Latin: "Marouen"; lastNameAr is Latin: "ben taleb"
470,"Bouraoui","Nabila",,,https://examanet.com/fr/professeurs/470,firstNameAr is Latin: "Bouraoui"; lastNameAr is Latin: "Nabila"
389,"Benabdelkader","Ahmed",,,https://examanet.com/fr/professeurs/389,firstNameAr is Latin: "Benabdelkader"; lastNameAr is Latin: "Ahmed"
472,"Boukhobza","Ismahen",,,https://examanet.com/fr/professeurs/472,firstNameAr is Latin: "Boukhobza"; lastNameAr is Latin: "Ismahen"
473,"Bouraoui","Rouehi Nabila",,,https://examanet.com/fr/professeurs/473,firstNameAr is Latin: "Bouraoui"; lastNameAr is Latin: "Rouehi Nabila"
221,"Asma","MHAMDI",,,https://examanet.com/fr/professeurs/221,firstNameAr is Latin: "Asma"; lastNameAr is Latin: "MHAMDI"
131,"Feiza","Ketteni",,,https://examanet.com/fr/professeurs/131,firstNameAr is Latin: "Feiza"; lastNameAr is Latin: "Ketteni"
132,"Nosra","Othmani",,,https://examanet.com/fr/professeurs/132,firstNameAr is Latin: "Nosra"; lastNameAr is Latin: "Othmani"
460,"dabbabi","Mohamed Azouzi",,,https://examanet.com/fr/professeurs/460,firstNameAr is Latin: "dabbabi"
492,"Gandouli","Kamel",,,https://examanet.com/fr/professeurs/492,firstNameAr is Latin: "Gandouli"; lastNameAr is Latin: "Kamel"
493,"Hcine","Said",,,https://examanet.com/fr/professeurs/493,firstNameAr is Latin: "Hcine"; lastNameAr is Latin: "Said"
495,"Taamallah","Bechir",,,https://examanet.com/fr/professeurs/495,firstNameAr is Latin: "Taamallah"; lastNameAr is Latin: "Bechir"
134,"Hichem","Khechine",,,https://examanet.com/fr/professeurs/134,firstNameAr is Latin: "Hichem"; lastNameAr is Latin: "Khechine"
500,"Rahmouni","Zouheir",,,https://examanet.com/fr/professeurs/500,firstNameAr is Latin: "Rahmouni"; lastNameAr is Latin: "Zouheir"
22,"Mejri","Zied",,,https://examanet.com/fr/professeurs/22,firstNameAr is Latin: "Mejri"; lastNameAr is Latin: "Zied"
501,"Labidi","Hedi",,,https://examanet.com/fr/professeurs/501,firstNameAr is Latin: "Labidi"; lastNameAr is Latin: "Hedi"
502,"Boussaffa","Belgacem",,,https://examanet.com/fr/professeurs/502,firstNameAr is Latin: "Boussaffa"; lastNameAr is Latin: "Belgacem"
503,"aloui","slah",,,https://examanet.com/fr/professeurs/503,firstNameAr is Latin: "aloui"; lastNameAr is Latin: "slah"
504,"Sadri","boularesse",,,https://examanet.com/fr/professeurs/504,firstNameAr is Latin: "Sadri"; lastNameAr is Latin: "boularesse"
505,"Riahi","Riadh",,,https://examanet.com/fr/professeurs/505,firstNameAr is Latin: "Riahi"; lastNameAr is Latin: "Riadh"
506,"kallel","bilel",,,https://examanet.com/fr/professeurs/506,firstNameAr is Latin: "kallel"; lastNameAr is Latin: "bilel"
508,"Abdel","Kader Houcine",,,https://examanet.com/fr/professeurs/508,firstNameAr is Latin: "Abdel"; lastNameAr is Latin: "Kader Houcine"
510,"Ayedi","Et Allani",,,https://examanet.com/fr/professeurs/510,firstNameAr is Latin: "Ayedi"; lastNameAr is Latin: "Et Allani"
512,"Allani","Et Ayedi",,,https://examanet.com/fr/professeurs/512,firstNameAr is Latin: "Allani"; lastNameAr is Latin: "Et Ayedi"
143,"Smida","Safwen",,,https://examanet.com/fr/professeurs/143,firstNameAr is Latin: "Smida"; lastNameAr is Latin: "Safwen"
135,"Thabet","Thabet",,,https://examanet.com/fr/professeurs/135,firstNameAr is Latin: "Thabet"
509,"Affi","Affi",,,https://examanet.com/fr/professeurs/509,firstNameAr is Latin: "AFFI"
513,"Nakhli","Nakhli",,,https://examanet.com/fr/professeurs/513,firstNameAr is Latin: "Nakhli"
155,"hamdi","Mohamed Lazhar",,,https://examanet.com/fr/professeurs/155,firstNameAr is Latin: "hamdi"
5,"Hmaoui","Mghirbi Raja",,,https://examanet.com/fr/professeurs/5,firstNameAr is Latin: "Hmaoui"; lastNameAr is Latin: "Mghirbi Raja"
549,"Oumaima","Mzoughi",,,https://examanet.com/fr/professeurs/549,firstNameAr is Latin: "Oumaima"; lastNameAr is Latin: "Mzoughi"
541,"Emna","Emna",,,https://examanet.com/fr/professeurs/541,firstNameAr is Latin: "Emna"; lastNameAr is Latin: "Emna"
529,"Hmaoui","Hmaoui",,,https://examanet.com/fr/professeurs/529,firstNameAr is Latin: "Hmaoui"; lastNameAr is Latin: "Hmaoui"
530,"Nefzi","Hela",,,https://examanet.com/fr/professeurs/530,firstNameAr is Latin: "Nefzi"; lastNameAr is Latin: "Hela"
539,"Jackson","Jackson",,,https://examanet.com/fr/professeurs/539,firstNameAr is Latin: "Jackson"; lastNameAr is Latin: "Jackson"
531,"Fedia","Ridene",,,https://examanet.com/fr/professeurs/531,firstNameAr is Latin: "Fedia"; lastNameAr is Latin: "Ridene"
532,"farhani","nabila",,,https://examanet.com/fr/professeurs/532,firstNameAr is Latin: "farhani"; lastNameAr is Latin: "nabila"
533,"Lamine","Mohamed Ali",,,https://examanet.com/fr/professeurs/533,firstNameAr is Latin: "Lamine"; lastNameAr is Latin: "Mohamed Ali"
534,"Hâtem","nwira",,,https://examanet.com/fr/professeurs/534,firstNameAr is Latin: "Hâtem"; lastNameAr is Latin: "nwira"
550,"Hmaoui","Raja",,,https://examanet.com/fr/professeurs/550,firstNameAr is Latin: "Hmaoui"; lastNameAr is Latin: "Raja"
551,"Manel","Boualia",,,https://examanet.com/fr/professeurs/551,firstNameAr is Latin: "Manel"; lastNameAr is Latin: "Boualia"
535,"Tarek","Moumni",,,https://examanet.com/fr/professeurs/535,firstNameAr is Latin: "Tarek"; lastNameAr is Latin: "Moumni"
537,"Mawheb","galby",,,https://examanet.com/fr/professeurs/537,firstNameAr is Latin: "Mawheb"; lastNameAr is Latin: "galby"
538,"Aicha","Jleli",,,https://examanet.com/fr/professeurs/538,firstNameAr is Latin: "Aicha"; lastNameAr is Latin: "Jleli"
547,"Raouf","Hosni",,,https://examanet.com/fr/professeurs/547,firstNameAr is Latin: "Raouf"; lastNameAr is Latin: "Hosni"
553,"Bbe","Bbe",,,https://examanet.com/fr/professeurs/553,firstNameAr is Latin: "BBE"
160,"Ben Mustapha","English",,,https://examanet.com/fr/professeurs/160,firstNameAr is Latin: "Ben Mustapha"; lastNameAr is Latin: "English"
540,"wided","daly",,,https://examanet.com/fr/professeurs/540,firstNameAr is Latin: "wided"; lastNameAr is Latin: "daly"
164,"Aouania","Koussay",,,https://examanet.com/fr/professeurs/164,firstNameAr is Latin: "Aouania"; lastNameAr is Latin: "Koussay"
165,"Mejda","Elmejdi",,,https://examanet.com/fr/professeurs/165,firstNameAr is Latin: "Mejda"; lastNameAr is Latin: "Elmejdi"
166,"Hajer","Boudan",,,https://examanet.com/fr/professeurs/166,firstNameAr is Latin: "Hajer"; lastNameAr is Latin: "Boudan"
544,"Hubbard","Hubbard",,,https://examanet.com/fr/professeurs/544,firstNameAr is Latin: "Hubbard"; lastNameAr is Latin: "Hubbard"
545,"Hafedh","Jandoubi",,,https://examanet.com/fr/professeurs/545,firstNameAr is Latin: "Hafedh"; lastNameAr is Latin: "Jandoubi"
546,"Noura","Triki",,,https://examanet.com/fr/professeurs/546,firstNameAr is Latin: "Noura"; lastNameAr is Latin: "Triki"
548,"kouki","islam",,,https://examanet.com/fr/professeurs/548,firstNameAr is Latin: "kouki"; lastNameAr is Latin: "islam"
552,"Faisal","Ghribi",,,https://examanet.com/fr/professeurs/552,firstNameAr is Latin: "Faisal"; lastNameAr is Latin: "Ghribi"
556,"Hanen","Kortas",,,https://examanet.com/fr/professeurs/556,firstNameAr is Latin: "Hanen"; lastNameAr is Latin: "Kortas"
558,"ghariani","mohamed",,,https://examanet.com/fr/professeurs/558,firstNameAr is Latin: "ghariani"; lastNameAr is Latin: "mohamed"
559,"ghassen","messaoudi",,,https://examanet.com/fr/professeurs/559,firstNameAr is Latin: "ghassen"; lastNameAr is Latin: "messaoudi"
560,"Afef","Jlel",,,https://examanet.com/fr/professeurs/560,firstNameAr is Latin: "Afef"; lastNameAr is Latin: "Jlel"
542,"Bill","Bill",,,https://examanet.com/fr/professeurs/542,firstNameAr is Latin: "Bill"; lastNameAr is Latin: "Bill"
561,"Oueslati","Ali",,,https://examanet.com/fr/professeurs/561,firstNameAr is Latin: "Oueslati"; lastNameAr is Latin: "Ali"
562,"Lazhar","Founi",,,https://examanet.com/fr/professeurs/562,firstNameAr is Latin: "Lazhar"; lastNameAr is Latin: "Founi"
563,"Chiheb","ben Dai",,,https://examanet.com/fr/professeurs/563,firstNameAr is Latin: "Chiheb"; lastNameAr is Latin: "ben Dai"
564,"Leila","Khoualdia",,,https://examanet.com/fr/professeurs/564,firstNameAr is Latin: "Leila"; lastNameAr is Latin: "Khoualdia"
565,"Nadia","Belghith Abid",,,https://examanet.com/fr/professeurs/565,firstNameAr is Latin: "Nadia"; lastNameAr is Latin: "Belghith Abid"
566,"Mounir","bel haj Salah",,,https://examanet.com/fr/professeurs/566,firstNameAr is Latin: "Mounir"; lastNameAr is Latin: "bel haj Salah"
579,"Hadhami Ben","Hmida",,,https://examanet.com/fr/professeurs/579,firstNameAr is Latin: "Hadhami Ben"; lastNameAr is Latin: "Hmida"
167,"Sawsel","Essid",,,https://examanet.com/fr/professeurs/167,firstNameAr is Latin: "Sawsel"; lastNameAr is Latin: "Essid"
168,"Maweheb","Galby",,,https://examanet.com/fr/professeurs/168,firstNameAr is Latin: "Maweheb"; lastNameAr is Latin: "Galby"
169,"Ladhari","Cokri",,,https://examanet.com/fr/professeurs/169,firstNameAr is Latin: "Ladhari"; lastNameAr is Latin: "Cokri"
568,"Fethi","Letaief",,,https://examanet.com/fr/professeurs/568,firstNameAr is Latin: "Fethi"; lastNameAr is Latin: "Letaief"
569,"Samira","Nouali",,,https://examanet.com/fr/professeurs/569,firstNameAr is Latin: "Samira"; lastNameAr is Latin: "Nouali"
570,"Galbi","Maweheb",,,https://examanet.com/fr/professeurs/570,firstNameAr is Latin: "Galbi"; lastNameAr is Latin: "Maweheb"
620,"Ben","Romdhane Safa",,,https://examanet.com/fr/professeurs/620,firstNameAr is Latin: "Ben"; lastNameAr is Latin: "Romdhane Safa"
176,"kamel","jebrani",,,https://examanet.com/fr/professeurs/176,firstNameAr is Latin: "kamel"; lastNameAr is Latin: "jebrani"
177,"Baligh","abidi",,,https://examanet.com/fr/professeurs/177,firstNameAr is Latin: "Baligh"; lastNameAr is Latin: "abidi"
607,"Khlifi","Anis",,,https://examanet.com/fr/professeurs/607,firstNameAr is Latin: "Khlifi"; lastNameAr is Latin: "Anis"
608,"Hanchi","Imen",,,https://examanet.com/fr/professeurs/608,firstNameAr is Latin: "Hanchi"; lastNameAr is Latin: "Imen"
609,"fulla","zeineb",,,https://examanet.com/fr/professeurs/609,firstNameAr is Latin: "fulla"; lastNameAr is Latin: "zeineb"
611,"Ghanmi","Naoufel",,,https://examanet.com/fr/professeurs/611,firstNameAr is Latin: "Ghanmi"; lastNameAr is Latin: "Naoufel"
612,"Zrour","Saber",,,https://examanet.com/fr/professeurs/612,firstNameAr is Latin: "Zrour"; lastNameAr is Latin: "Saber"
613,"ouertatani","khadija",,,https://examanet.com/fr/professeurs/613,firstNameAr is Latin: "ouertatani"; lastNameAr is Latin: "khadija"
614,"Roufaa","Nasr",,,https://examanet.com/fr/professeurs/614,firstNameAr is Latin: "Roufaa"; lastNameAr is Latin: "Nasr"
629,"Saoussen","Trabelsy",,,https://examanet.com/fr/professeurs/629,firstNameAr is Latin: "Saoussen"; lastNameAr is Latin: "Trabelsy"
630,"Kamel","Gharbi",,,https://examanet.com/fr/professeurs/630,firstNameAr is Latin: "Kamel"; lastNameAr is Latin: "Gharbi"
617,"seif","messaoud",,,https://examanet.com/fr/professeurs/617,firstNameAr is Latin: "seif"; lastNameAr is Latin: "messaoud"
635,"Al","Gharsalli",,,https://examanet.com/fr/professeurs/635,firstNameAr is Latin: "Al"
626,"Rayen","Rayen",,,https://examanet.com/fr/professeurs/626,firstNameAr is Latin: "Rayen"
634,"Najah","Najah",,,https://examanet.com/fr/professeurs/634,firstNameAr is Latin: "Najah"
632,"el","Kamel",,,https://examanet.com/fr/professeurs/632,firstNameAr is Latin: "el"
618,"chedly","maamouri",,,https://examanet.com/fr/professeurs/618,firstNameAr is Latin: "chedly"; lastNameAr is Latin: "maamouri"
175,"Aymen","Biz",,,https://examanet.com/fr/professeurs/175,firstNameAr is Latin: "Aymen"; lastNameAr is Latin: "Biz"
638,"Ben","Alaya Aymen",,,https://examanet.com/fr/professeurs/638,firstNameAr is Latin: "Ben"; lastNameAr is Latin: "Alaya Aymen"
639,"Moez","Mohamed Sghaier",,,https://examanet.com/fr/professeurs/639,firstNameAr is Latin: "Moez"; lastNameAr is Latin: "Mohamed Sghaier"
183,"Masmoudi","Sofien",,,https://examanet.com/fr/professeurs/183,firstNameAr is Latin: "Masmoudi"; lastNameAr is Latin: "Sofien"
184,"Mohamed","Bacha",,,https://examanet.com/fr/professeurs/184,firstNameAr is Latin: "Mohamed"; lastNameAr is Latin: "Bacha"
621,"Khardani","Salem",,,https://examanet.com/fr/professeurs/621,firstNameAr is Latin: "Khardani"; lastNameAr is Latin: "Salem"
6,"Imed","Naceur Et Dorsaf",,,https://examanet.com/fr/professeurs/6,firstNameAr is Latin: "Imed"; lastNameAr is Latin: "Naceur Et Dorsaf"
625,"Habib","Mestiri",,,https://examanet.com/fr/professeurs/625,firstNameAr is Latin: "Habib"; lastNameAr is Latin: "Mestiri"
628,"fouzai","hichem",,,https://examanet.com/fr/professeurs/628,firstNameAr is Latin: "fouzai"; lastNameAr is Latin: "hichem"
631,"Bouraoui","Boukadida",,,https://examanet.com/fr/professeurs/631,firstNameAr is Latin: "Bouraoui"; lastNameAr is Latin: "Boukadida"
633,"ridha","jemaa",,,https://examanet.com/fr/professeurs/633,firstNameAr is Latin: "ridha"; lastNameAr is Latin: "jemaa"
180,"Alya","Alya",,,https://examanet.com/fr/professeurs/180,firstNameAr is Latin: "Alya"
386,"Aissa","Imed",,,https://examanet.com/fr/professeurs/386,firstNameAr is Latin: "Aissa"; lastNameAr is Latin: "Imed"
555,"Lilia","Louati",,,https://examanet.com/fr/professeurs/555,firstNameAr is Latin: "Lilia"; lastNameAr is Latin: "Louati"
636,"saidi","mongi",,,https://examanet.com/fr/professeurs/636,firstNameAr is Latin: "saidi"; lastNameAr is Latin: "mongi"
229,"Lasaad","jawedi",,,https://examanet.com/fr/professeurs/229,firstNameAr is Latin: "Lasaad"; lastNameAr is Latin: "jawedi"
187,"Masmoudi","Houssem",,,https://examanet.com/fr/professeurs/187,firstNameAr is Latin: "Masmoudi"; lastNameAr is Latin: "Houssem"
189,"Amamou","Mohamed Hatem",,,https://examanet.com/fr/professeurs/189,firstNameAr is Latin: "Amamou"; lastNameAr is Latin: "Mohamed Hatem"
190,"Riadh","Mossa",,,https://examanet.com/fr/professeurs/190,firstNameAr is Latin: "Riadh"; lastNameAr is Latin: "Mossa"
640,"ben","hassen oussama",,,https://examanet.com/fr/professeurs/640,firstNameAr is Latin: "ben"; lastNameAr is Latin: "hassen oussama"
659,"abbedi","othmen",,,https://examanet.com/fr/professeurs/659,firstNameAr is Latin: "abbedi"; lastNameAr is Latin: "othmen"
641,"mezhoud","elaid",,,https://examanet.com/fr/professeurs/641,firstNameAr is Latin: "mezhoud"; lastNameAr is Latin: "elaid"
644,"Dridi","ghassen",,,https://examanet.com/fr/professeurs/644,firstNameAr is Latin: "Dridi"; lastNameAr is Latin: "ghassen"
661,"Yassin","Yassin",,,https://examanet.com/fr/professeurs/661,firstNameAr is Latin: "Yassin"
645,"Ali","Dham",,,https://examanet.com/fr/professeurs/645,firstNameAr is Latin: "Ali"; lastNameAr is Latin: "Dham"
646,"Aimen","Hammemi",,,https://examanet.com/fr/professeurs/646,firstNameAr is Latin: "Aimen"; lastNameAr is Latin: "Hammemi"
647,"Moez","Hamdaoui",,,https://examanet.com/fr/professeurs/647,firstNameAr is Latin: "Moez"; lastNameAr is Latin: "Hamdaoui"
648,"samir","souissi",,,https://examanet.com/fr/professeurs/648,firstNameAr is Latin: "samir"; lastNameAr is Latin: "souissi"
656,"kallel","med",,,https://examanet.com/fr/professeurs/656,firstNameAr is Latin: "kallel"; lastNameAr is Latin: "med"
881,"Haddaji","Haddaji",,,https://examanet.com/fr/professeurs/881,firstNameAr is Latin: "Haddaji"
662,"Shaker","Shaker",,,https://examanet.com/fr/professeurs/662,firstNameAr is Latin: "Shaker"
649,"Aimen","Hamemi",,,https://examanet.com/fr/professeurs/649,firstNameAr is Latin: "Aimen"; lastNameAr is Latin: "Hamemi"
650,"sassi","mejda",,,https://examanet.com/fr/professeurs/650,firstNameAr is Latin: "sassi"; lastNameAr is Latin: "mejda"
651,"ellafi","mohamed",,,https://examanet.com/fr/professeurs/651,firstNameAr is Latin: "ellafi"; lastNameAr is Latin: "mohamed"
652,"Athmouni","Abid",,,https://examanet.com/fr/professeurs/652,firstNameAr is Latin: "Athmouni"; lastNameAr is Latin: "Abid"
653,"Nasri","wissem",,,https://examanet.com/fr/professeurs/653,firstNameAr is Latin: "Nasri"; lastNameAr is Latin: "wissem"
655,"Amer","Bouyahi",,,https://examanet.com/fr/professeurs/655,firstNameAr is Latin: "Amer"; lastNameAr is Latin: "Bouyahi"
744,"Amara","Negi",,,https://examanet.com/fr/professeurs/744,firstNameAr is Latin: "Amara"; lastNameAr is Latin: "Negi"
665,"Amara","Neji",,,https://examanet.com/fr/professeurs/665,firstNameAr is Latin: "Amara"; lastNameAr is Latin: "Neji"
195,"Mourad","Khlifi",,,https://examanet.com/fr/professeurs/195,firstNameAr is Latin: "Mourad"; lastNameAr is Latin: "Khlifi"
879,"Mounira","Mounira",,,https://examanet.com/fr/professeurs/879,firstNameAr is Latin: "Mounira"
880,"Mouadh","Mouadh",,,https://examanet.com/fr/professeurs/880,firstNameAr is Latin: "Mouadh"
199,"Bboussaffa","—",,,https://examanet.com/fr/professeurs/199,firstNameAr is Latin: "Bboussaffa"
674,"Aymen","Aymen",,,https://examanet.com/fr/professeurs/674,firstNameAr is Latin: "Aymen"
675,"Abderrahim","Abderrahim",,,https://examanet.com/fr/professeurs/675,firstNameAr is Latin: "Abderrahim"
669,"Othmani","Imed",,,https://examanet.com/fr/professeurs/669,firstNameAr is Latin: "Othmani"; lastNameAr is Latin: "Imed"
678,"Ameur","Ahmed",,,https://examanet.com/fr/professeurs/678,firstNameAr is Latin: "Ameur"; lastNameAr is Latin: "Ahmed"
408,"Sawsen","Abid",,,https://examanet.com/fr/professeurs/408,firstNameAr is Latin: "Sawsen"; lastNameAr is Latin: "Abid"
679,"Dridi","Faycel",,,https://examanet.com/fr/professeurs/679,firstNameAr is Latin: "Dridi"; lastNameAr is Latin: "Faycel"
699,"labben","khadouja",,,https://examanet.com/fr/professeurs/699,firstNameAr is Latin: "labben"; lastNameAr is Latin: "khadouja"
710,"ghanoudi","chafik",,,https://examanet.com/fr/professeurs/710,firstNameAr is Latin: "ghanoudi"; lastNameAr is Latin: "chafik"
711,"dhiab","belgacem",,,https://examanet.com/fr/professeurs/711,firstNameAr is Latin: "dhiab"; lastNameAr is Latin: "belgacem"
720,"khaled","segni",,,https://examanet.com/fr/professeurs/720,firstNameAr is Latin: "khaled"; lastNameAr is Latin: "segni"
723,"hasni","sadok",,,https://examanet.com/fr/professeurs/723,firstNameAr is Latin: "hasni"; lastNameAr is Latin: "sadok"
724,"Amara","Arfawi",,,https://examanet.com/fr/professeurs/724,firstNameAr is Latin: "Amara"; lastNameAr is Latin: "Arfawi"
737,"Mohamed","Hedi Akrimi",,,https://examanet.com/fr/professeurs/737,firstNameAr is Latin: "Mohamed"; lastNameAr is Latin: "Hedi Akrimi"
215,"Dabbabi","Mohamed Azouzi",,,https://examanet.com/fr/professeurs/215,firstNameAr is Latin: "Dabbabi"; lastNameAr is Latin: "Mohamed Azouzi"
728,"Elyes","ZGUEB",,,https://examanet.com/fr/professeurs/728,firstNameAr is Latin: "Elyes"; lastNameAr is Latin: "ZGUEB"
721,"Gouiderari","Gouiderari",,,https://examanet.com/fr/professeurs/721,firstNameAr is Latin: "Gouiderari"
722,"Akrimi","Akrimi",,,https://examanet.com/fr/professeurs/722,firstNameAr is Latin: "Akrimi"
734,"Bejaoui","Bejaoui",,,https://examanet.com/fr/professeurs/734,firstNameAr is Latin: "Bejaoui"
729,"Badii","Bechikh",,,https://examanet.com/fr/professeurs/729,firstNameAr is Latin: "Badii"; lastNameAr is Latin: "Bechikh"
727,"dabbabi","mohamed azzouzi",,,https://examanet.com/fr/professeurs/727,firstNameAr is Latin: "dabbabi"
730,"zaafouri","marwen",,,https://examanet.com/fr/professeurs/730,firstNameAr is Latin: "zaafouri"; lastNameAr is Latin: "marwen"
738,"Melek","Yaacoubi",,,https://examanet.com/fr/professeurs/738,firstNameAr is Latin: "Melek"; lastNameAr is Latin: "Yaacoubi"
733,"Abdessattar","Abdessattar",,,https://examanet.com/fr/professeurs/733,firstNameAr is Latin: "Abdessattar"
10,"Mohamed","El Ayari Moncef",,,https://examanet.com/fr/professeurs/10,firstNameAr is Latin: "Mohamed"; lastNameAr is Latin: "El Ayari Moncef"
740,"dahech","khaled",,,https://examanet.com/fr/professeurs/740,firstNameAr is Latin: "dahech"; lastNameAr is Latin: "khaled"
741,"Sihem","SOLTANI",,,https://examanet.com/fr/professeurs/741,firstNameAr is Latin: "Sihem"; lastNameAr is Latin: "SOLTANI"
742,"Gmati","Saida",,,https://examanet.com/fr/professeurs/742,firstNameAr is Latin: "Gmati"; lastNameAr is Latin: "Saida"
732,"Ben","mekki",,,https://examanet.com/fr/professeurs/732,firstNameAr is Latin: "Ben"; lastNameAr is Latin: "mekki"
743,"Darin","El Haj Khlifa",,,https://examanet.com/fr/professeurs/743,firstNameAr is Latin: "Darin"; lastNameAr is Latin: "El Haj Khlifa"
749,"Hatem","Bouzaien",,,https://examanet.com/fr/professeurs/749,firstNameAr is Latin: "Hatem"; lastNameAr is Latin: "Bouzaien"
748,"ibtissem","ibtissem",,,https://examanet.com/fr/professeurs/748,firstNameAr is Latin: "ibtissem"
48,"Achouri","Mohsen",,,https://examanet.com/fr/professeurs/48,firstNameAr is Latin: "Achouri"; lastNameAr is Latin: "Mohsen"
735,"Mekki","Mekki",,,https://examanet.com/fr/professeurs/735,firstNameAr is Latin: "Mekki"
747,"sou","sou",,,https://examanet.com/fr/professeurs/747,firstNameAr is Latin: "sou"
884,"Hsan","Hsan",,,https://examanet.com/fr/professeurs/884,firstNameAr is Latin: "HSAN"
843,"Segni","Segni",,,https://examanet.com/fr/professeurs/843,firstNameAr is Latin: "Segni"
666,"Barkallah","Barkallah",,,https://examanet.com/fr/professeurs/666,firstNameAr is Latin: "Barkallah"
844,"Adel","Akrout",,,https://examanet.com/fr/professeurs/844,firstNameAr is Latin: "Adel"; lastNameAr is Latin: "Akrout"
587,"Mme","Allani",,,https://examanet.com/fr/professeurs/587,firstNameAr is Latin: "Mme"; lastNameAr is Latin: "Allani"
664,"Hamed","Belhadj",,,https://examanet.com/fr/professeurs/664,firstNameAr is Latin: "Hamed"; lastNameAr is Latin: "Belhadj"
858,"Hammedi","Zouhaier",,,https://examanet.com/fr/professeurs/858,firstNameAr is Latin: "Hammedi"; lastNameAr is Latin: "Zouhaier"
268,"Ben","Jeddou",,,https://examanet.com/fr/professeurs/268,firstNameAr is Latin: "Ben"; lastNameAr is Latin: "Jeddou"
269,"Chieaz","Maad",,,https://examanet.com/fr/professeurs/269,firstNameAr is Latin: "Chieaz"; lastNameAr is Latin: "Maad"
270,"Mhamed","Kenz Eddine Zarrad",,,https://examanet.com/fr/professeurs/270,firstNameAr is Latin: "Mhamed"; lastNameAr is Latin: "Kenz Eddine Zarrad"
271,"Mohammed","Hedi Annabi",,,https://examanet.com/fr/professeurs/271,firstNameAr is Latin: "Mohammed"; lastNameAr is Latin: "Hedi Annabi"
266,"Achour","Noureddine",,,https://examanet.com/fr/professeurs/266,firstNameAr is Latin: "Achour"; lastNameAr is Latin: "Noureddine"
257,"Sami","Sami",,,https://examanet.com/fr/professeurs/257,firstNameAr is Latin: "Sami"
261,"Abbassi","Abbassi",,,https://examanet.com/fr/professeurs/261,firstNameAr is Latin: "Abbassi"
667,"Mezhoud","Mezhoud",,,https://examanet.com/fr/professeurs/667,firstNameAr is Latin: "Mezhoud"
830,"Fatma","Fatma",,,https://examanet.com/fr/professeurs/830,firstNameAr is Latin: "Fatma"
841,"Kartable","Kartable",,,https://examanet.com/fr/professeurs/841,firstNameAr is Latin: "Kartable"
663,"Abidi","Abidi",,,https://examanet.com/fr/professeurs/663,firstNameAr is Latin: "Abidi"
32,"Abidi","Hedi",,,https://examanet.com/fr/professeurs/32,firstNameAr is Latin: "Abidi"; lastNameAr is Latin: "Hedi"
399,"Ladhari","Chokri",,,https://examanet.com/fr/professeurs/399,firstNameAr is Latin: "Ladhari"; lastNameAr is Latin: "Chokri"
265,"Chebil","Khalifa",,,https://examanet.com/fr/professeurs/265,firstNameAr is Latin: "Chebil"; lastNameAr is Latin: "Khalifa"
869,"Selmi","Mohamed",,,https://examanet.com/fr/professeurs/869,firstNameAr is Latin: "Selmi"; lastNameAr is Latin: "Mohamed"
78,"Kamel","Bel Asri",,,https://examanet.com/fr/professeurs/78,firstNameAr is Latin: "Kamel"; lastNameAr is Latin: "Bel Asri"
393,"Smaoui","Moez",,,https://examanet.com/fr/professeurs/393,firstNameAr is Latin: "Smaoui"; lastNameAr is Latin: "Moez"
394,"Sahbi","Abdelafou",,,https://examanet.com/fr/professeurs/394,firstNameAr is Latin: "Sahbi"; lastNameAr is Latin: "Abdelafou"
392,"Hammadi","Zouhaier",,,https://examanet.com/fr/professeurs/392,firstNameAr is Latin: "Hammadi"; lastNameAr is Latin: "Zouhaier"
403,"Houcine","Ammar",,,https://examanet.com/fr/professeurs/403,firstNameAr is Latin: "Houcine"; lastNameAr is Latin: "Ammar"
81,"Trabelsy","Badreddyne",,,https://examanet.com/fr/professeurs/81,lastNameAr is Latin: "Badreddyne"
97,"Ouali","Mohamed",,,https://examanet.com/fr/professeurs/97,firstNameAr is Latin: "Ouali"; lastNameAr is Latin: "Mohamed"
462,"gary","badredine",,,https://examanet.com/fr/professeurs/462,firstNameAr is Latin: "gary"; lastNameAr is Latin: "badredine"
125,"Baccar","Achraf",,,https://examanet.com/fr/professeurs/125,firstNameAr is Latin: "Baccar"; lastNameAr is Latin: "Achraf"
61,"Hamed","Abbasi",,,https://examanet.com/fr/professeurs/61,firstNameAr is Latin: "Hamed"; lastNameAr is Latin: "Abbasi"
88,"AFFI","FETHI",,,https://examanet.com/fr/professeurs/88,firstNameAr is Latin: "AFFI"; lastNameAr is Latin: "FETHI"
402,"Abdelghaffar","Sami",,,https://examanet.com/fr/professeurs/402,firstNameAr is Latin: "Abdelghaffar"; lastNameAr is Latin: "Sami"
64,"Mahjoubi","Bilel",,,https://examanet.com/fr/professeurs/64,firstNameAr is Latin: "Mahjoubi"; lastNameAr is Latin: "Bilel"
59,"Imed","Naceur",,,https://examanet.com/fr/professeurs/59,firstNameAr is Latin: "Imed"; lastNameAr is Latin: "Naceur"
410,"Dissem","Yosr",,,https://examanet.com/fr/professeurs/410,firstNameAr is Latin: "Dissem"; lastNameAr is Latin: "Yosr"
141,"Amri","Lotfi",,,https://examanet.com/fr/professeurs/141,firstNameAr is Latin: "Amri"; lastNameAr is Latin: "Lotfi"
712,"M","aymen",,,https://examanet.com/fr/professeurs/712,firstNameAr is Latin: "M"; lastNameAr is Latin: "aymen"
527,"Dridi","fawzy",,,https://examanet.com/fr/professeurs/527,firstNameAr is Latin: "Dridi"; lastNameAr is Latin: "fawzy"
90,"Faten","Waldi",,,https://examanet.com/fr/professeurs/90,firstNameAr is Latin: "Faten"; lastNameAr is Latin: "Waldi"
91,"hayet","raddadi",,,https://examanet.com/fr/professeurs/91,firstNameAr is Latin: "hayet"; lastNameAr is Latin: "raddadi"
471,"Belgassem","Belgassem",,,https://examanet.com/fr/professeurs/471,firstNameAr is Latin: "Belgassem"
2365,"E","Besma",,,https://examanet.com/fr/professeurs/2365,firstNameAr is Latin: "E"
557,"Hammouda","Hammouda",,,https://examanet.com/fr/professeurs/557,firstNameAr is Latin: "Hammouda"
543,"Sofiene","Ben Achour",,,https://examanet.com/fr/professeurs/543,firstNameAr is Latin: "Sofiene"; lastNameAr is Latin: "Ben Achour"
643,"Ayadhi","chokri",,,https://examanet.com/fr/professeurs/643,firstNameAr is Latin: "Ayadhi"; lastNameAr is Latin: "chokri"
739,"Amen","Allah",,,https://examanet.com/fr/professeurs/739,firstNameAr is Latin: "Amen"; lastNameAr is Latin: "Allah"
859,"Bouk","Bouk",,,https://examanet.com/fr/professeurs/859,firstNameAr is Latin: "Bouk"
223,"imed","chihaoui",,,https://examanet.com/fr/professeurs/223,firstNameAr is Latin: "imed"; lastNameAr is Latin: "chihaoui"
657,"Essaidi","Essaidi",,,https://examanet.com/fr/professeurs/657,firstNameAr is Latin: "Essaidi"
845,"Fehri","Chokri",,,https://examanet.com/fr/professeurs/845,firstNameAr is Latin: "Fehri"; lastNameAr is Latin: "Chokri"
846,"Ben","Cheikh Mourad",,,https://examanet.com/fr/professeurs/846,firstNameAr is Latin: "Ben"; lastNameAr is Latin: "Cheikh Mourad"
260,"Ben","Ncib",,,https://examanet.com/fr/professeurs/260,firstNameAr is Latin: "Ben"; lastNameAr is Latin: "Ncib"
15,"Sami","Zouari",,,https://examanet.com/fr/professeurs/15,firstNameAr is Latin: "Sami"; lastNameAr is Latin: "Zouari"
404,"alayani","mourad",,,https://examanet.com/fr/professeurs/404,firstNameAr is Latin: "alayani"; lastNameAr is Latin: "mourad"
401,"Hajer","Bouden",,,https://examanet.com/fr/professeurs/401,firstNameAr is Latin: "Hajer"; lastNameAr is Latin: "Bouden"
691,"rayen","mimouni",,,https://examanet.com/fr/professeurs/691,firstNameAr is Latin: "rayen"; lastNameAr is Latin: "mimouni"
205,"houda","khorchani",,,https://examanet.com/fr/professeurs/205,firstNameAr is Latin: "houda"; lastNameAr is Latin: "khorchani"
697,"Slim","Almia",,,https://examanet.com/fr/professeurs/697,firstNameAr is Latin: "Slim"; lastNameAr is Latin: "Almia"
677,"Kamilia","Kamilia",,,https://examanet.com/fr/professeurs/677,firstNameAr is Latin: "Kamilia"
713,"Messaoud","aymen",,,https://examanet.com/fr/professeurs/713,firstNameAr is Latin: "Messaoud"; lastNameAr is Latin: "aymen"
714,"Mehdi","Moussa",,,https://examanet.com/fr/professeurs/714,firstNameAr is Latin: "Mehdi"; lastNameAr is Latin: "Moussa"
719,"arbi","abdelwaheb",,,https://examanet.com/fr/professeurs/719,firstNameAr is Latin: "arbi"; lastNameAr is Latin: "abdelwaheb"
717,"hasni","sadok sbiba",,,https://examanet.com/fr/professeurs/717,firstNameAr is Latin: "hasni"; lastNameAr is Latin: "sadok sbiba"
230,"Tlili","Basset Tlili",,,https://examanet.com/fr/professeurs/230,firstNameAr is Latin: "Tlili"
725,"Yessin","Yessin",,,https://examanet.com/fr/professeurs/725,firstNameAr is Latin: "Yessin"
821,"mohammed","ben",,,https://examanet.com/fr/professeurs/821,firstNameAr is Latin: "mohammed"; lastNameAr is Latin: "ben"
431,"Moez","Esmiti",,,https://examanet.com/fr/professeurs/431,firstNameAr is Latin: "Moez"; lastNameAr is Latin: "Esmiti"
668,"Makram","Makram",,,https://examanet.com/fr/professeurs/668,firstNameAr is Latin: "Makram"
791,"Dissem","Dissem",,,https://examanet.com/fr/professeurs/791,firstNameAr is Latin: "Dissem"
251,"Mariem","Mariem",,,https://examanet.com/fr/professeurs/251,firstNameAr is Latin: "Mariem"
252,"Bouchriha","Bouchriha",,,https://examanet.com/fr/professeurs/252,firstNameAr is Latin: "Bouchriha"
775,"Mansour","Jarradi",,,https://examanet.com/fr/professeurs/775,firstNameAr is Latin: "Mansour"; lastNameAr is Latin: "Jarradi"
249,"Bouchriha","Khaled",,,https://examanet.com/fr/professeurs/249,firstNameAr is Latin: "Bouchriha"; lastNameAr is Latin: "Khaled"
856,"JINA","JINA",,,https://examanet.com/fr/professeurs/856,firstNameAr is Latin: "JINA"
253,"Hidri","Faouzi",,,https://examanet.com/fr/professeurs/253,firstNameAr is Latin: "Hidri"; lastNameAr is Latin: "Faouzi"
254,"Zairi","Mongi",,,https://examanet.com/fr/professeurs/254,firstNameAr is Latin: "Zairi"; lastNameAr is Latin: "Mongi"
849,"Lassoued","Abdallah",,,https://examanet.com/fr/professeurs/849,firstNameAr is Latin: "Lassoued"; lastNameAr is Latin: "Abdallah"
850,"Tahar","Mabrouka",,,https://examanet.com/fr/professeurs/850,firstNameAr is Latin: "Tahar"; lastNameAr is Latin: "Mabrouka"
853,"Selmi","Mokhtar",,,https://examanet.com/fr/professeurs/853,firstNameAr is Latin: "Selmi"; lastNameAr is Latin: "Mokhtar"
857,"BEN","BEN",,,https://examanet.com/fr/professeurs/857,firstNameAr is Latin: "BEN"
770,"Nabil","Mehdi",,,https://examanet.com/fr/professeurs/770,firstNameAr is Latin: "Nabil"; lastNameAr is Latin: "Mehdi"
255,"Belghith","Belghith",,,https://examanet.com/fr/professeurs/255,firstNameAr is Latin: "Belghith"
854,"Amara","Amara",,,https://examanet.com/fr/professeurs/854,firstNameAr is Latin: "AMARA"
855,"Zeineb","Zeineb",,,https://examanet.com/fr/professeurs/855,firstNameAr is Latin: "Zeineb"
263,"Raja","Aoun Allah",,,https://examanet.com/fr/professeurs/263,firstNameAr is Latin: "Raja"; lastNameAr is Latin: "Aoun Allah"
866,"Nouha","Nouha",,,https://examanet.com/fr/professeurs/866,firstNameAr is Latin: "Nouha"
867,"Malek","Mechergui",,,https://examanet.com/fr/professeurs/867,firstNameAr is Latin: "Malek"; lastNameAr is Latin: "Mechergui"
862,"Rezgui","Wided",,,https://examanet.com/fr/professeurs/862,firstNameAr is Latin: "Rezgui"; lastNameAr is Latin: "Wided"
192,"Essid","Atef",,,https://examanet.com/fr/professeurs/192,firstNameAr is Latin: "Essid"; lastNameAr is Latin: "Atef"
193,"Ayari","Fethia",,,https://examanet.com/fr/professeurs/193,firstNameAr is Latin: "Ayari"; lastNameAr is Latin: "Fethia"
194,"Jileni","ben hamouda",,,https://examanet.com/fr/professeurs/194,firstNameAr is Latin: "Jileni"; lastNameAr is Latin: "ben hamouda"
439,"Chebbi","Habib",,,https://examanet.com/fr/professeurs/439,firstNameAr is Latin: "Chebbi"; lastNameAr is Latin: "Habib"
457,"Hmaidi","Souad",,,https://examanet.com/fr/professeurs/457,firstNameAr is Latin: "Hmaidi"; lastNameAr is Latin: "Souad"
440,"Abd","Elkarim Ben Khemis",,,https://examanet.com/fr/professeurs/440,firstNameAr is Latin: "Abd"; lastNameAr is Latin: "Elkarim Ben Khemis"
441,"Dabbabi","Mohamed",,,https://examanet.com/fr/professeurs/441,firstNameAr is Latin: "Dabbabi"; lastNameAr is Latin: "Mohamed"
449,"Mehdi","Khalfalli",,,https://examanet.com/fr/professeurs/449,firstNameAr is Latin: "Mehdi"; lastNameAr is Latin: "Khalfalli"
450,"Ghriss","Abderrahmen",,,https://examanet.com/fr/professeurs/450,firstNameAr is Latin: "Ghriss"; lastNameAr is Latin: "Abderrahmen"
109,"Alaya","Med",,,https://examanet.com/fr/professeurs/109,lastNameAr is Latin: "Med"
464,"Mohamed","Adel",,,https://examanet.com/fr/professeurs/464,firstNameAr is Latin: "Mohamed"; lastNameAr is Latin: "Adel"
847,"Zelfani","Zelfani",,,https://examanet.com/fr/professeurs/847,firstNameAr is Latin: "Zelfani"
123,"Boussaffa","Boussaffa",,,https://examanet.com/fr/professeurs/123,firstNameAr is Latin: "Boussaffa"
817,"Gahbiche","Gahbiche",,,https://examanet.com/fr/professeurs/817,firstNameAr is Latin: "Gahbiche"
406,"chatti","fadoua",,,https://examanet.com/fr/professeurs/406,firstNameAr is Latin: "chatti"; lastNameAr is Latin: "fadoua"
130,"mariem","azizi",,,https://examanet.com/fr/professeurs/130,firstNameAr is Latin: "mariem"; lastNameAr is Latin: "azizi"
474,"Abdelwaheb","Hamdi",,,https://examanet.com/fr/professeurs/474,firstNameAr is Latin: "Abdelwaheb"; lastNameAr is Latin: "Hamdi"
497,"Khémiri","Tarek",,,https://examanet.com/fr/professeurs/497,firstNameAr is Latin: "Khémiri"; lastNameAr is Latin: "Tarek"
498,"Rahal","Ali",,,https://examanet.com/fr/professeurs/498,firstNameAr is Latin: "Rahal"; lastNameAr is Latin: "Ali"
499,"sghaier","neila",,,https://examanet.com/fr/professeurs/499,firstNameAr is Latin: "sghaier"; lastNameAr is Latin: "neila"
142,"abdessamad","abdessamad",,,https://examanet.com/fr/professeurs/142,firstNameAr is Latin: "abdessamad"
872,"Tabbakh","Tabbakh",,,https://examanet.com/fr/professeurs/872,firstNameAr is Latin: "TABBAKH"
873,"Sahbi","Sahbi",,,https://examanet.com/fr/professeurs/873,firstNameAr is Latin: "Sahbi"
158,"Faouzi","Adouni",,,https://examanet.com/fr/professeurs/158,firstNameAr is Latin: "Faouzi"; lastNameAr is Latin: "Adouni"
151,"boumnigel","soufiene",,,https://examanet.com/fr/professeurs/151,firstNameAr is Latin: "boumnigel"; lastNameAr is Latin: "soufiene"
520,"Zeiri","Mongi",,,https://examanet.com/fr/professeurs/520,firstNameAr is Latin: "Zeiri"; lastNameAr is Latin: "Mongi"
522,"Mhadhebi","Raouf",,,https://examanet.com/fr/professeurs/522,firstNameAr is Latin: "Mhadhebi"; lastNameAr is Latin: "Raouf"
524,"mohamed","el jamai",,,https://examanet.com/fr/professeurs/524,firstNameAr is Latin: "mohamed"; lastNameAr is Latin: "el jamai"
874,"Samia","Samia",,,https://examanet.com/fr/professeurs/874,firstNameAr is Latin: "Samia"
521,"Ben","Ameur",,,https://examanet.com/fr/professeurs/521,firstNameAr is Latin: "Ben"; lastNameAr is Latin: "Ameur"
528,"Mark","Mark",,,https://examanet.com/fr/professeurs/528,firstNameAr is Latin: "Mark"; lastNameAr is Latin: "Mark"
161,"Wahiba","Ben Mustapha",,,https://examanet.com/fr/professeurs/161,firstNameAr is Latin: "Wahiba"; lastNameAr is Latin: "Ben Mustapha"
162,"Moutiaa","Abbes",,,https://examanet.com/fr/professeurs/162,firstNameAr is Latin: "Moutiaa"; lastNameAr is Latin: "Abbes"
523,"Ali","Tlili",,,https://examanet.com/fr/professeurs/523,firstNameAr is Latin: "Ali"; lastNameAr is Latin: "Tlili"
525,"Ben","Abdallah Bacher",,,https://examanet.com/fr/professeurs/525,firstNameAr is Latin: "Ben"; lastNameAr is Latin: "Abdallah Bacher"
878,"Rached","Rached",,,https://examanet.com/fr/professeurs/878,firstNameAr is Latin: "RACHED"
256,"Jamli","Jamli",,,https://examanet.com/fr/professeurs/256,firstNameAr is Latin: "JAMLI"
391,"Cherni","Waad",,,https://examanet.com/fr/professeurs/391,firstNameAr is Latin: "Cherni"; lastNameAr is Latin: "Waad"
413,"Abdelaziz","Ben Marzouk",,,https://examanet.com/fr/professeurs/413,firstNameAr is Latin: "Abdelaziz"; lastNameAr is Latin: "Ben Marzouk"
526,"Emira","Emira",,,https://examanet.com/fr/professeurs/526,firstNameAr is Latin: "Emira"
