numericId,fr,newName,uploads,count,profileUrl
142,"abdessamad abdessamad","Bouzidi Abdessamad",4,2,https://examanet.com/fr/professeurs/142
873,"Sahbi Sahbi","أستاذ التربية التكنولوجية",2,3,https://examanet.com/fr/professeurs/873
529,"Hmaoui Hmaoui","Daily routines",1,1,https://examanet.com/fr/professeurs/529
557,"Hammouda Hammouda","Chris is never bored",1,1,https://examanet.com/fr/professeurs/557
634,"Najah Najah","نجاح الضميد",1,1,https://examanet.com/fr/professeurs/634
725,"Yessin Yessin","أستاذة الإنعليزية",1,3,https://examanet.com/fr/professeurs/725
721,"Gouiderari Gouiderari","أستاذ التكنولوجيا",1,3,https://examanet.com/fr/professeurs/721
734,"Bejaoui Bejaoui","أستاذ علوم",1,3,https://examanet.com/fr/professeurs/734
256,"Jamli Jamli","الأستاذ محمد الجمل",1,3,https://examanet.com/fr/professeurs/256
854,"Amara Amara","أستاذ التكنولوجيا",1,3,https://examanet.com/fr/professeurs/854
855,"Zeineb Zeineb","Zeineb Tounsi",2,2,https://examanet.com/fr/professeurs/855
357,"Bilel Bilel","اسم الأستاذ",1,3,https://examanet.com/fr/professeurs/357
1713,"Nobbigh Nobbigh","NOBBIGH D",3,8,https://examanet.com/fr/professeurs/1713
1768,"Rommani Rommani","Fahmi ROMMANI",14,9,https://examanet.com/fr/professeurs/1768
1739,"Souissi Souissi","Souissi Nejah",2,3,https://examanet.com/fr/professeurs/1739
1746,"Marwen Marwen","Marwen Ibn Abdelkhalek",3,4,https://examanet.com/fr/professeurs/1746
1750,"Missaoui Missaoui","MISSAOUI LAZHAR",1,4,https://examanet.com/fr/professeurs/1750
1758,"Fehri Fehri","Fehri Bechir",8,3,https://examanet.com/fr/professeurs/1758
1759,"gary gary","GARY BADREDINE",9,6,https://examanet.com/fr/professeurs/1759
1760,"bourokba bourokba","Bourokba H",13,27,https://examanet.com/fr/professeurs/1760
1723,"Bellassoued Bellassoued","Mohamed Bellassoued",16,36,https://examanet.com/fr/professeurs/1723
1767,"Afli Afli","Afli abdelaziz",1,4,https://examanet.com/fr/professeurs/1767
1735,"Mokhtar Mokhtar","Mokhtar LAFFET",2,3,https://examanet.com/fr/professeurs/1735
1736,"khamassi khamassi","Khamassi Adel",1,3,https://examanet.com/fr/professeurs/1736
1862,"Chaabane Chaabane","Chaabane Mounir",8,12,https://examanet.com/fr/professeurs/1862
1867,"Bechir Bechir","Fehri Bechir",2,4,https://examanet.com/fr/professeurs/1867
1918,"Hechmi Hechmi","Hechmi A",1,3,https://examanet.com/fr/professeurs/1918
1882,"Barro Barro","BARRO B",1,3,https://examanet.com/fr/professeurs/1882
1888,"Gamoun Gamoun","Gamoun T",1,3,https://examanet.com/fr/professeurs/1888
1934,"Berriri Berriri","Berriri Med Nejib",1,4,https://examanet.com/fr/professeurs/1934
1976,"Knani Knani","Knani Belhadj",2,4,https://examanet.com/fr/professeurs/1976
1969,"azaiez azaiez","Mer AZAIEZ",4,6,https://examanet.com/fr/professeurs/1969
1979,"yousfi yousfi","Kamel Yousfi",4,6,https://examanet.com/fr/professeurs/1979
1986,"Rakrouki Rakrouki","Rakrouki .M",2,1,https://examanet.com/fr/professeurs/1986
1993,"Khaled Khaled","Khaled Arfaoui",1,3,https://examanet.com/fr/professeurs/1993
2034,"Tlich Tlich","Tlich Ahmed",1,4,https://examanet.com/fr/professeurs/2034
2074,"Harizi Harizi","Harizi E",1,3,https://examanet.com/fr/professeurs/2074
2077,"Jamel Jamel","H JAMEL",2,3,https://examanet.com/fr/professeurs/2077
2082,"Lassaad Lassaad","Lassaad Mezrigui",1,3,https://examanet.com/fr/professeurs/2082
2103,"Chaker Chaker","Chaker Briki",4,6,https://examanet.com/fr/professeurs/2103
2109,"Aoiaiti Aoiaiti","Aoiaiti Med",2,5,https://examanet.com/fr/professeurs/2109
2218,"khammour khammour","Khammour K",2,3,https://examanet.com/fr/professeurs/2218
2224,"Hamada Hamada","Yosri HAMADA",10,27,https://examanet.com/fr/professeurs/2224
2231,"Faouzi Faouzi","A. Faouzi",11,6,https://examanet.com/fr/professeurs/2231
2249,"Kamel Kamel","Kamel Bayrakdar",2,3,https://examanet.com/fr/professeurs/2249
2255,"Abdelkader Abdelkader","Abdelkader Med",6,6,https://examanet.com/fr/professeurs/2255
2276,"barhoumi barhoumi","Barhoumi Ezzedine",8,12,https://examanet.com/fr/professeurs/2276
2258,"Galaî Galaî","Galaï Abdelhamid",2,3,https://examanet.com/fr/professeurs/2258
2293,"Hichem Hichem","Hichem Bougacha",1,3,https://examanet.com/fr/professeurs/2293
2262,"Anas Anas","Anas Elfahem",1,3,https://examanet.com/fr/professeurs/2262
2269,"Mbarki Mbarki","M Mbarki",1,4,https://examanet.com/fr/professeurs/2269
2303,"Aouididi Aouididi","S. Aouididi",2,4,https://examanet.com/fr/professeurs/2303
2333,"Sdiri Sdiri","Anis Sdiri",3,3,https://examanet.com/fr/professeurs/2333
2345,"Lotfi Lotfi","H. Lotfi",2,3,https://examanet.com/fr/professeurs/2345
2349,"Bouaziz Bouaziz","Akram Bouaziz",2,3,https://examanet.com/fr/professeurs/2349
2372,"karim karim","Karim Ben Rayana",1,3,https://examanet.com/fr/professeurs/2372
2383,"Hamdene Hamdene","Hamdene Med",1,4,https://examanet.com/fr/professeurs/2383
2397,"Akkari Akkari","Akkari D",1,3,https://examanet.com/fr/professeurs/2397
2402,"Abdellahi Abdellahi","Abdellahi Ahmed Taleb",1,3,https://examanet.com/fr/professeurs/2402
2416,"Rouabhia Rouabhia","Rouabhia Sebti",2,3,https://examanet.com/fr/professeurs/2416
2190,"Houcine Houcine","Houcine Labiadh",2,6,https://examanet.com/fr/professeurs/2190
2194,"Benaich Benaich","Mme Mermech",2,3,https://examanet.com/fr/professeurs/2194
2482,"Saber Saber","SABER HEMDI",3,4,https://examanet.com/fr/professeurs/2482
2486,"Afdal Afdal","Afdal Ali",2,6,https://examanet.com/fr/professeurs/2486
2487,"Gouider Gouider","Abdessatar Gouider",17,33,https://examanet.com/fr/professeurs/2487
2499,"Nouar Nouar","Nouar Amine",3,10,https://examanet.com/fr/professeurs/2499
2505,"lamia lamia","Lamia Bouattour",1,3,https://examanet.com/fr/professeurs/2505
2500,"jerbi jerbi","WEJDENE JERBI",6,12,https://examanet.com/fr/professeurs/2500
2508,"Abdelbacet Abdelbacet","Abdelbacet B",16,15,https://examanet.com/fr/professeurs/2508
915,"Salhi Salhi","Salhi Mohamed",4,5,https://examanet.com/fr/professeurs/915
922,"Lajili Lajili","Lajili Mourad",1,5,https://examanet.com/fr/professeurs/922
941,"Aloui Aloui","ALOUi Amine",1,3,https://examanet.com/fr/professeurs/941
927,"messaoudi messaoudi","Mohsen MESSAOUDI",3,6,https://examanet.com/fr/professeurs/927
933,"Elassaad Elassaad","Elassaad Elharbaoui",3,3,https://examanet.com/fr/professeurs/933
1009,"Mkaouar Mkaouar","Mme MKAOUAR LAILA",7,10,https://examanet.com/fr/professeurs/1009
987,"Hadded Hadded","M. Hadded.S",3,6,https://examanet.com/fr/professeurs/987
993,"alouini alouini","Alouini H",21,10,https://examanet.com/fr/professeurs/993
1058,"Khalfalli Khalfalli","Khalfalli Noureddine",2,7,https://examanet.com/fr/professeurs/1058
1059,"Labidi Labidi","Mr.LABIDI NOUREDDINE",3,10,https://examanet.com/fr/professeurs/1059
1110,"Bradai Bradai","BRADAI Ilyes",1,6,https://examanet.com/fr/professeurs/1110
1113,"Ghaith Ghaith","Ghaith Ammar",2,6,https://examanet.com/fr/professeurs/1113
1082,"Chamam Chamam","Mr. Chamam",5,15,https://examanet.com/fr/professeurs/1082
1173,"soltani soltani","Soltani Abdeljalil",1,6,https://examanet.com/fr/professeurs/1173
1178,"Houda Houda","Mme Abich Ben amor",4,5,https://examanet.com/fr/professeurs/1178
1306,"amina amina","Mme CHOUCHANE YOSR",3,10,https://examanet.com/fr/professeurs/1306
961,"ghanem ghanem","Soudani Sami",1,1,https://examanet.com/fr/professeurs/961
1360,"Gassoumi Gassoumi","Gassoumi tarek",4,5,https://examanet.com/fr/professeurs/1360
965,"Khiari Khiari","Khiari Med",1,3,https://examanet.com/fr/professeurs/965
974,"Elajmi Elajmi","Mr Elajmi Med",2,3,https://examanet.com/fr/professeurs/974
1412,"abdallah abdallah","Abdallah Raouafi",1,3,https://examanet.com/fr/professeurs/1412
1566,"Aïssa Aïssa","Aïssa Ismaël",6,18,https://examanet.com/fr/professeurs/1566
1140,"Riadh Riadh","Riadh KOUBAA",1,3,https://examanet.com/fr/professeurs/1140
1145,"Boukraa Boukraa","Boukraa Walid",1,3,https://examanet.com/fr/professeurs/1145
1148,"zayneb zayneb","Zayneb Mdada",1,3,https://examanet.com/fr/professeurs/1148
1631,"dahmani dahmani","Dahmani Tarek",1,3,https://examanet.com/fr/professeurs/1631
1577,"khawla khawla","Khawla Amri",1,3,https://examanet.com/fr/professeurs/1577
1635,"Jaballah Jaballah","Jaballah Med Amine",1,3,https://examanet.com/fr/professeurs/1635
1838,"essefi essefi","Fadhila et sa belle-fille Zayneb ont d",1,1,https://examanet.com/fr/professeurs/1838
1841,"deymi deymi","DEYMI H",1,3,https://examanet.com/fr/professeurs/1841
1691,"Manita Manita","Manita Houda",1,3,https://examanet.com/fr/professeurs/1691
1844,"Zriba Zriba","Anis ZRIBA",2,3,https://examanet.com/fr/professeurs/1844
1849,"Zribi Zribi","ZRIBI CHEKER",1,5,https://examanet.com/fr/professeurs/1849
1856,"Yaakoubi Yaakoubi","اسم الأستاذ",2,3,https://examanet.com/fr/professeurs/1856
1913,"Touzri Touzri","اسم الأستاذ",4,3,https://examanet.com/fr/professeurs/1913
2009,"alaa alaa","الأستاذة الإء",1,3,https://examanet.com/fr/professeurs/2009
1606,"sarah sarah","Sarah Sallami",1,3,https://examanet.com/fr/professeurs/1606
